{"epoch": [1, 2, 3, 4, 5, 6, 7, 8, 9, 10, 11, 12, 13, 14, 15, 16, 17, 18, 19, 20, 21, 22, 23, 24, 25, 26, 27, 28, 29, 30, 31, 32, 33, 34, 35, 36, 37, 38, 39, 40, 41, 42, 43, 44, 45, 46, 47, 48, 49, 50, 51, 52, 53, 54, 55, 56, 57, 58, 59, 60, 61, 62, 63, 64, 65, 66, 67, 68, 69, 70, 71, 72, 73, 74, 75, 76, 77, 78, 79, 80, 81, 82, 83, 84, 85, 86, 87, 88, 89, 90, 91, 92, 93, 94, 95, 96, 97, 98], "lr": [0.0001, 0.0001, 0.0001, 0.0001, 0.0001, 0.0001, 0.0001, 0.0001, 0.0001, 0.0001, 0.0001, 0.0001, 0.0001, 0.0001, 0.0001, 0.0001, 0.0001, 0.0001, 0.0001, 0.0001, 0.0001, 0.0001, 0.0001, 0.0001, 0.0001, 0.0001, 0.0001, 0.0001, 0.0001, 0.0001, 0.0001, 0.0001, 0.0001, 0.0001, 0.0001, 0.0001, 0.0001, 0.0001, 0.0001, 0.0001, 0.0001, 0.0001, 0.0001, 0.0001, 0.0001, 0.0001, 0.0001, 0.0001, 0.0001, 0.0001, 0.0001, 0.0001, 0.0001, 0.0001, 0.0001, 0.0001, 0.0001, 0.0001, 0.0001, 0.0001, 0.0001, 0.0001, 0.0001, 0.0001, 0.0001, 0.0001, 0.0001, 0.0001, 0.0001, 0.0001, 0.0001, 0.0001, 1e-05, 1e-05, 1e-05, 1e-05, 1e-05, 1e-05, 1e-05, 1e-05, 1e-05, 1e-05, 1e-05, 1e-05, 1e-05, 1e-05, 1e-05, 1e-05, 1e-05, 1e-05, 1e-05, 1e-05, 1e-05, 1e-05, 1.0000000000000002e-06, 1.0000000000000002e-06, 1.0000000000000002e-06, 1.0000000000000002e-06], "train_loss": [236.4830833477079, 5.089636197218269, 3.459029217648453, 2.8298934128903146, 2.571585548567098, 2.1034292726354087, 1.8797945832341583, 2.0049217564176707, 1.4320349879337881, 1.3642122126329892, 1.1862971032047416, 1.0777814182203567, 0.9960871167272345, 0.9356221786143084, 0.8266404482725178, 1.0892068702399138, 1.25684041563504, 0.8819605759811553, 0.7403392421452607, 0.6798734688461523, 0.5929212006374022, 0.5273619303851637, 0.49958355432769164, 0.48138621423339534, 0.4399471736791625, 0.4389217913039951, 0.4009589020493383, 0.4032068440703802, 0.42889886680048284, 0.3624075164047429, 0.335628813725111, 0.3312104052250742, 0.3129171621945469, 0.3220949713902418, 0.312008670884614, 0.2905294165950691, 0.2879245638331598, 0.27959758396688467, 0.32367126353439235, 0.3805814106404149, 0.26563637642324184, 0.2510792044108282, 0.2443538337702037, 0.24447531012093274, 0.24613572632369268, 0.23208134299143676, 0.27230979084421686, 0.454087958129773, 0.23400446559877397, 0.22080528288889792, 0.1996428890226601, 0.20596557743719357, 0.20242153157063442, 0.1958247821085079, 0.20029795075609866, 0.19853117217780816, 0.18826006555802346, 0.17827668232789104, 0.16189173264965212, 0.16992823787567204, 0.1655818237924754, 0.1702739484848454, 0.17129192509571287, 0.1705754157942839, 0.15107739098053002, 0.1739941016344468, 0.1543515710388236, 0.14776992601693778, 0.14823346040195565, 0.14611555872603813, 0.15888852377450785, 0.15571308172291415, 0.13978029392554167, 0.12522498070268875, 0.12233025419307984, 0.12668065883863758, 0.11771329253632276, 0.12074086537027982, 0.12575187167432764, 0.12332193053182373, 0.12064876628381933, 0.12883883931814336, 0.121327446027483, 0.12651689840193248, 0.12088740250204189, 0.12279495742685186, 0.1259794997250127, 0.11437227922893617, 0.1208091104123333, 0.11107917168061693, 0.11716915413665284, 0.11362939531319106, 0.11770000615052809, 0.11446192932046244, 0.11714293516253843, 0.10919688896925832, 0.11482863690067444, 0.10576215612283227], "train_mask": [0.0, 0.0, 0.0, 0.0, 0.0, 0.0, 0.0, 0.0, 0.0, 0.0, 0.0, 0.0, 0.0, 0.0, 0.0, 0.0, 0.0, 0.0, 0.0, 0.0, 0.0, 0.0, 0.0, 0.0, 0.0, 0.0, 0.0, 0.0, 0.0, 0.0, 0.0, 0.0, 0.0, 0.0, 0.0, 0.0, 0.0, 0.0, 0.0, 0.0, 0.0, 0.0, 0.0, 0.0, 0.0, 0.0, 0.0, 0.0, 0.0, 0.0, 0.0, 0.0, 0.0, 0.0, 0.0, 0.0, 0.0, 0.0, 0.0, 0.0, 0.0, 0.0, 0.0, 0.0, 0.0, 0.0, 0.0, 0.0, 0.0, 0.0, 0.0, 0.0, 0.0, 0.0, 0.0, 0.0, 0.0, 0.0, 0.0, 0.0, 0.0, 0.0, 0.0, 0.0, 0.0, 0.0, 0.0, 0.0, 0.0, 0.0, 0.0, 0.0, 0.0, 0.0, 0.0, 0.0, 0.0, 0.0], "train_regr": [0.0, 0.0, 0.0, 0.0, 0.0, 0.0, 0.0, 0.0, 0.0, 0.0, 0.0, 0.0, 0.0, 0.0, 0.0, 0.0, 0.0, 0.0, 0.0, 0.0, 0.0, 0.0, 0.0, 0.0, 0.0, 0.0, 0.0, 0.0, 0.0, 0.0, 0.0, 0.0, 0.0, 0.0, 0.0, 0.0, 0.0, 0.0, 0.0, 0.0, 0.0, 0.0, 0.0, 0.0, 0.0, 0.0, 0.0, 0.0, 0.0, 0.0, 0.0, 0.0, 0.0, 0.0, 0.0, 0.0, 0.0, 0.0, 0.0, 0.0, 0.0, 0.0, 0.0, 0.0, 0.0, 0.0, 0.0, 0.0, 0.0, 0.0, 0.0, 0.0, 0.0, 0.0, 0.0, 0.0, 0.0, 0.0, 0.0, 0.0, 0.0, 0.0, 0.0, 0.0, 0.0, 0.0, 0.0, 0.0, 0.0, 0.0, 0.0, 0.0, 0.0, 0.0, 0.0, 0.0, 0.0, 0.0], "val_loss": [8.63960317306728, 4.181387848750963, 3.2215380119401584, 2.47439013516443, 2.5030182528653606, 1.9369452215853709, 1.7953274267641208, 1.6250694800872043, 1.2681141937942468, 1.2759065633008182, 1.079493519158914, 0.9466789785634231, 0.8693638714007654, 0.7822681493816831, 0.8151869583893868, 0.9863751722066222, 0.8877402349823426, 0.7078688703193632, 0.6132356481981268, 0.5909910839720092, 0.562913852862052, 0.49201803606393046, 0.4409364991029379, 0.42654461050690856, 0.38950156202513025, 0.4285987975118377, 0.3481676522590507, 0.3629707286504156, 0.36889293364454645, 0.34591250749971825, 0.3040989779066293, 0.313287334685634, 0.29157603077592736, 0.28221767409825443, 0.2862756789295283, 0.27368418050757815, 0.2563615980328817, 0.27852105041596564, 0.32042805919268524, 0.2861659224774659, 0.23637289511869936, 0.23509696775313552, 0.22100627920799443, 0.2055973031708484, 0.2450529046168205, 0.2044688166008263, 0.41170168970927495, 0.2268510551339394, 0.20202446685880468, 0.2291450813604906, 0.21360206401783827, 0.1851053964025156, 0.2201412325971694, 0.19882856561182674, 0.18161446686452254, 0.17764992759378836, 0.17568486858715396, 0.1661324230321913, 0.1602702171048381, 0.19144724939863808, 0.17875865814241307, 0.16581791872273288, 0.19096764220866025, 0.15790046724178794, 0.17455629145738344, 0.15139119236896098, 0.184887550951026, 0.15875622357141214, 0.1844549580956438, 0.15814117981939266, 0.20827212861394692, 0.18980220054321773, 0.16307029323768532, 0.15538188015301643, 0.14729225930364762, 0.14861588973767606, 0.15977392385369596, 0.14296737357086592, 0.14647196557931566, 0.14072340231198202, 0.13391495858419722, 0.16056460519610868, 0.13931487214403784, 0.13783950615786436, 0.14280365515912066, 0.13188035725266314, 0.1621607862782017, 0.13143656315446098, 0.13198708160213485, 0.14109972524886913, 0.1401311217791209, 0.14404178126795578, 0.13520316461105938, 0.14049241713519597, 0.14913432038225607, 0.14370500939474612, 0.14379383069014817, 0.14295613060722676], "val_mask": [0.0, 0.0, 0.0, 0.0, 0.0, 0.0, 0.0, 0.0, 0.0, 0.0, 0.0, 0.0, 0.0, 0.0, 0.0, 0.0, 0.0, 0.0, 0.0, 0.0, 0.0, 0.0, 0.0, 0.0, 0.0, 0.0, 0.0, 0.0, 0.0, 0.0, 0.0, 0.0, 0.0, 0.0, 0.0, 0.0, 0.0, 0.0, 0.0, 0.0, 0.0, 0.0, 0.0, 0.0, 0.0, 0.0, 0.0, 0.0, 0.0, 0.0, 0.0, 0.0, 0.0, 0.0, 0.0, 0.0, 0.0, 0.0, 0.0, 0.0, 0.0, 0.0, 0.0, 0.0, 0.0, 0.0, 0.0, 0.0, 0.0, 0.0, 0.0, 0.0, 0.0, 0.0, 0.0, 0.0, 0.0, 0.0, 0.0, 0.0, 0.0, 0.0, 0.0, 0.0, 0.0, 0.0, 0.0, 0.0, 0.0, 0.0, 0.0, 0.0, 0.0, 0.0, 0.0, 0.0, 0.0, 0.0], "val_regr": [0.0, 0.0, 0.0, 0.0, 0.0, 0.0, 0.0, 0.0, 0.0, 0.0, 0.0, 0.0, 0.0, 0.0, 0.0, 0.0, 0.0, 0.0, 0.0, 0.0, 0.0, 0.0, 0.0, 0.0, 0.0, 0.0, 0.0, 0.0, 0.0, 0.0, 0.0, 0.0, 0.0, 0.0, 0.0, 0.0, 0.0, 0.0, 0.0, 0.0, 0.0, 0.0, 0.0, 0.0, 0.0, 0.0, 0.0, 0.0, 0.0, 0.0, 0.0, 0.0, 0.0, 0.0, 0.0, 0.0, 0.0, 0.0, 0.0, 0.0, 0.0, 0.0, 0.0, 0.0, 0.0, 0.0, 0.0, 0.0, 0.0, 0.0, 0.0, 0.0, 0.0, 0.0, 0.0, 0.0, 0.0, 0.0, 0.0, 0.0, 0.0, 0.0, 0.0, 0.0, 0.0, 0.0, 0.0, 0.0, 0.0, 0.0, 0.0, 0.0, 0.0, 0.0, 0.0, 0.0, 0.0, 0.0]}